<level name="Beginners" version="0.2">
	<stage id="0">
		<blocks>
			<block uid="0" id="9" x="0" y="0" />
			<block uid="1" id="2" x="1" y="0" />
			<block uid="2" id="7" x="2" y="0" />
			<block uid="3" id="2" x="3" y="0" />
			<block uid="4" id="7" x="4" y="0" />
			<block uid="5" id="2" x="5" y="0" />
			<block uid="6" id="2" x="6" y="0" />
			<block uid="7" id="2" x="7" y="0" />
			<block uid="8" id="2" x="8" y="0" />
			<block uid="9" id="7" x="9" y="0" />
			<block uid="10" id="2" x="10" y="0" />
			<block uid="11" id="7" x="11" y="0" />
			<block uid="12" id="2" x="12" y="0" />
			<block uid="13" id="7" x="13" y="0" />
			<block uid="14" id="2" x="14" y="0" />
			<block uid="15" id="2" x="15" y="0" />
			<block uid="16" id="2" x="16" y="0" />
			<block uid="17" id="7" x="17" y="0" />
			<block uid="18" id="2" x="18" y="0" />
			<block uid="19" id="2" x="19" y="0" />
			<block uid="20" id="2" x="20" y="0" />
			<block uid="21" id="2" x="21" y="0" />
			<block uid="22" id="2" x="22" y="0" />
			<block uid="23" id="2" x="23" y="0" />
			<block uid="24" id="10" x="24" y="0" />
			<block uid="25" id="3" x="0" y="1" />
			<block uid="26" id="18" x="1" y="1" />
			<block uid="27" id="3" x="2" y="1" />
			<block uid="28" id="0" x="3" y="1" />
			<block uid="29" id="3" x="4" y="1" />
			<block uid="30" id="0" x="5" y="1" />
			<block uid="31" id="0" x="6" y="1" />
			<block uid="32" id="0" x="7" y="1" />
			<block uid="33" id="0" x="8" y="1" />
			<block uid="34" id="15" x="9" y="1" />
			<block uid="35" id="17" x="10" y="1" />
			<block uid="36" id="15" x="11" y="1" />
			<block uid="37" id="17" x="12" y="1" />
			<block uid="38" id="15" x="13" y="1" />
			<block uid="39" id="0" x="14" y="1" />
			<block uid="40" id="24" x="15" y="1" />
			<block uid="41" id="0" x="16" y="1" />
			<block uid="42" id="3" x="17" y="1" />
			<block uid="43" id="0" x="18" y="1" />
			<block uid="44" id="0" x="19" y="1" />
			<block uid="45" id="0" x="20" y="1" />
			<block uid="46" id="0" x="21" y="1" />
			<block uid="47" id="0" x="22" y="1" />
			<block uid="48" id="0" x="23" y="1" />
			<block uid="49" id="3" x="24" y="1" />
			<block uid="50" id="3" x="0" y="2" />
			<block uid="51" id="0" x="1" y="2" />
			<block uid="52" id="3" x="2" y="2" />
			<block uid="53" id="0" x="3" y="2" />
			<block uid="54" id="15" x="4" y="2" />
			<block uid="55" id="0" x="5" y="2" />
			<block uid="56" id="0" x="6" y="2" />
			<block uid="57" id="0" x="7" y="2" />
			<block uid="58" id="0" x="8" y="2" />
			<block uid="59" id="0" x="9" y="2" />
			<block uid="60" id="17" x="10" y="2" />
			<block uid="61" id="0" x="11" y="2" />
			<block uid="62" id="0" x="12" y="2" />
			<block uid="63" id="0" x="13" y="2" />
			<block uid="64" id="0" x="14" y="2" />
			<block uid="65" id="13" x="15" y="2" />
			<block uid="66" id="0" x="16" y="2" />
			<block uid="67" id="3" x="17" y="2" />
			<block uid="68" id="0" x="18" y="2" />
			<block uid="69" id="1" x="19" y="2" />
			<block uid="70" id="0" x="20" y="2" />
			<block uid="71" id="0" x="21" y="2" />
			<block uid="72" id="0" x="22" y="2" />
			<block uid="73" id="0" x="23" y="2" />
			<block uid="74" id="3" x="24" y="2" />
			<block uid="75" id="3" x="0" y="3" />
			<block uid="76" id="0" x="1" y="3" />
			<block uid="77" id="15" x="2" y="3" />
			<block uid="78" id="17" x="3" y="3" />
			<block uid="79" id="17" x="4" y="3" />
			<block uid="80" id="0" x="5" y="3" />
			<block uid="81" id="0" x="6" y="3" />
			<block uid="82" id="26" x="7" y="3" actionUID="0" />
			<block uid="83" id="0" x="8" y="3" />
			<block uid="84" id="13" x="9" y="3" />
			<block uid="85" id="17" x="10" y="3" />
			<block uid="86" id="13" x="11" y="3" />
			<block uid="87" id="0" x="12" y="3" />
			<block uid="88" id="1" x="13" y="3" />
			<block uid="89" id="0" x="14" y="3" />
			<block uid="90" id="3" x="15" y="3" />
			<block uid="91" id="0" x="16" y="3" />
			<block uid="92" id="15" x="17" y="3" />
			<block uid="93" id="0" x="18" y="3" />
			<block uid="94" id="17" x="19" y="3" />
			<block uid="95" id="0" x="20" y="3" />
			<block uid="96" id="0" x="21" y="3" />
			<block uid="97" id="20" x="22" y="3" actionUID="1" />
			<block uid="98" id="0" x="23" y="3" />
			<block uid="99" id="3" x="24" y="3" />
			<block uid="100" id="3" x="0" y="4" />
			<block uid="101" id="0" x="1" y="4" />
			<block uid="102" id="0" x="2" y="4" />
			<block uid="103" id="0" x="3" y="4" />
			<block uid="104" id="13" x="4" y="4" />
			<block uid="105" id="0" x="5" y="4" />
			<block uid="106" id="0" x="6" y="4" />
			<block uid="107" id="0" x="7" y="4" />
			<block uid="108" id="17" x="8" y="4" />
			<block uid="109" id="3" x="9" y="4" />
			<block uid="110" id="17" x="10" y="4" />
			<block uid="111" id="3" x="11" y="4" />
			<block uid="112" id="0" x="12" y="4" />
			<block uid="113" id="0" x="13" y="4" />
			<block uid="114" id="0" x="14" y="4" />
			<block uid="115" id="3" x="15" y="4" />
			<block uid="116" id="0" x="16" y="4" />
			<block uid="117" id="23" x="17" y="4" />
			<block uid="118" id="0" x="18" y="4" />
			<block uid="119" id="0" x="19" y="4" />
			<block uid="120" id="0" x="20" y="4" />
			<block uid="121" id="0" x="21" y="4" />
			<block uid="122" id="0" x="22" y="4" />
			<block uid="123" id="0" x="23" y="4" />
			<block uid="124" id="3" x="24" y="4" />
			<block uid="125" id="6" x="0" y="5" />
			<block uid="126" id="2" x="1" y="5" />
			<block uid="127" id="2" x="2" y="5" />
			<block uid="128" id="2" x="3" y="5" />
			<block uid="129" id="5" x="4" y="5" />
			<block uid="130" id="2" x="5" y="5" />
			<block uid="131" id="7" x="6" y="5" />
			<block uid="132" id="2" x="7" y="5" />
			<block uid="133" id="2" x="8" y="5" />
			<block uid="134" id="5" x="9" y="5" />
			<block uid="135" id="2" x="10" y="5" />
			<block uid="136" id="5" x="11" y="5" />
			<block uid="137" id="7" x="12" y="5" />
			<block uid="138" id="2" x="13" y="5" />
			<block uid="139" id="7" x="14" y="5" />
			<block uid="140" id="5" x="15" y="5" />
			<block uid="141" id="2" x="16" y="5" />
			<block uid="142" id="2" x="17" y="5" />
			<block uid="143" id="2" x="18" y="5" />
			<block uid="144" id="2" x="19" y="5" />
			<block uid="145" id="7" x="20" y="5" />
			<block uid="146" id="2" x="21" y="5" />
			<block uid="147" id="2" x="22" y="5" />
			<block uid="148" id="2" x="23" y="5" />
			<block uid="149" id="4" x="24" y="5" />
			<block uid="150" id="3" x="0" y="6" />
			<block uid="151" id="21" x="1" y="6" />
			<block uid="152" id="0" x="2" y="6" />
			<block uid="153" id="0" x="3" y="6" />
			<block uid="154" id="0" x="4" y="6" />
			<block uid="155" id="0" x="5" y="6" />
			<block uid="156" id="15" x="6" y="6" />
			<block uid="157" id="0" x="7" y="6" />
			<block uid="158" id="0" x="8" y="6" />
			<block uid="159" id="0" x="9" y="6" />
			<block uid="160" id="0" x="10" y="6" />
			<block uid="161" id="0" x="11" y="6" />
			<block uid="162" id="3" x="12" y="6" />
			<block uid="163" id="21" x="13" y="6" />
			<block uid="164" id="3" x="14" y="6" />
			<block uid="165" id="0" x="15" y="6" />
			<block uid="166" id="0" x="16" y="6" />
			<block uid="167" id="0" x="17" y="6" />
			<block uid="168" id="0" x="18" y="6" />
			<block uid="169" id="21" x="19" y="6" />
			<block uid="170" id="3" x="20" y="6" />
			<block uid="171" id="0" x="21" y="6" />
			<block uid="172" id="0" x="22" y="6" />
			<block uid="173" id="0" x="23" y="6" />
			<block uid="174" id="3" x="24" y="6" />
			<block uid="175" id="3" x="0" y="7" />
			<block uid="176" id="0" x="1" y="7" />
			<block uid="177" id="0" x="2" y="7" />
			<block uid="178" id="0" x="3" y="7" />
			<block uid="179" id="0" x="4" y="7" />
			<block uid="180" id="0" x="5" y="7" />
			<block uid="181" id="0" x="6" y="7" />
			<block uid="182" id="0" x="7" y="7" />
			<block uid="183" id="0" x="8" y="7" />
			<block uid="184" id="0" x="9" y="7" />
			<block uid="185" id="0" x="10" y="7" />
			<block uid="186" id="0" x="11" y="7" />
			<block uid="187" id="3" x="12" y="7" />
			<block uid="188" id="0" x="13" y="7" />
			<block uid="189" id="6" x="14" y="7" />
			<block uid="190" id="2" x="15" y="7" />
			<block uid="191" id="14" x="16" y="7" />
			<block uid="192" id="17" x="17" y="7" />
			<block uid="193" id="16" x="18" y="7" />
			<block uid="194" id="2" x="19" y="7" />
			<block uid="195" id="11" x="20" y="7" />
			<block uid="196" id="0" x="21" y="7" />
			<block uid="197" id="0" x="22" y="7" />
			<block uid="198" id="0" x="23" y="7" />
			<block uid="199" id="3" x="24" y="7" />
			<block uid="200" id="3" x="0" y="8" />
			<block uid="201" id="0" x="1" y="8" />
			<block uid="202" id="0" x="2" y="8" />
			<block uid="203" id="0" x="3" y="8" />
			<block uid="204" id="0" x="4" y="8" />
			<block uid="205" id="0" x="5" y="8" />
			<block uid="206" id="13" x="6" y="8" />
			<block uid="207" id="0" x="7" y="8" />
			<block uid="208" id="20" x="8" y="8" actionUID="2" />
			<block uid="209" id="0" x="9" y="8" />
			<block uid="210" id="0" x="10" y="8" />
			<block uid="211" id="0" x="11" y="8" />
			<block uid="212" id="3" x="12" y="8" />
			<block uid="213" id="20" x="13" y="8" actionUID="3" />
			<block uid="214" id="3" x="14" y="8" />
			<block uid="215" id="0" x="15" y="8" />
			<block uid="216" id="0" x="16" y="8" />
			<block uid="217" id="0" x="17" y="8" />
			<block uid="218" id="0" x="18" y="8" />
			<block uid="219" id="0" x="19" y="8" />
			<block uid="220" id="0" x="20" y="8" />
			<block uid="221" id="0" x="21" y="8" />
			<block uid="222" id="0" x="22" y="8" />
			<block uid="223" id="19" x="23" y="8" />
			<block uid="224" id="3" x="24" y="8" />
			<block uid="225" id="6" x="0" y="9" />
			<block uid="226" id="2" x="1" y="9" />
			<block uid="227" id="2" x="2" y="9" />
			<block uid="228" id="2" x="3" y="9" />
			<block uid="229" id="2" x="4" y="9" />
			<block uid="230" id="2" x="5" y="9" />
			<block uid="231" id="5" x="6" y="9" />
			<block uid="232" id="2" x="7" y="9" />
			<block uid="233" id="2" x="8" y="9" />
			<block uid="234" id="2" x="9" y="9" />
			<block uid="235" id="2" x="10" y="9" />
			<block uid="236" id="2" x="11" y="9" />
			<block uid="237" id="5" x="12" y="9" />
			<block uid="238" id="2" x="13" y="9" />
			<block uid="239" id="5" x="14" y="9" />
			<block uid="240" id="2" x="15" y="9" />
			<block uid="241" id="10" x="16" y="9" />
			<block uid="242" id="0" x="17" y="9" />
			<block uid="243" id="9" x="18" y="9" />
			<block uid="244" id="2" x="19" y="9" />
			<block uid="245" id="2" x="20" y="9" />
			<block uid="246" id="2" x="21" y="9" />
			<block uid="247" id="2" x="22" y="9" />
			<block uid="248" id="2" x="23" y="9" />
			<block uid="249" id="4" x="24" y="9" />
			<block uid="250" id="12" x="0" y="10" />
			<block uid="251" id="2" x="1" y="10" />
			<block uid="252" id="2" x="2" y="10" />
			<block uid="253" id="2" x="3" y="10" />
			<block uid="254" id="2" x="4" y="10" />
			<block uid="255" id="2" x="5" y="10" />
			<block uid="256" id="2" x="6" y="10" />
			<block uid="257" id="2" x="7" y="10" />
			<block uid="258" id="2" x="8" y="10" />
			<block uid="259" id="2" x="9" y="10" />
			<block uid="260" id="2" x="10" y="10" />
			<block uid="261" id="2" x="11" y="10" />
			<block uid="262" id="2" x="12" y="10" />
			<block uid="263" id="2" x="13" y="10" />
			<block uid="264" id="2" x="14" y="10" />
			<block uid="265" id="2" x="15" y="10" />
			<block uid="266" id="5" x="16" y="10" />
			<block uid="267" id="2" x="17" y="10" />
			<block uid="268" id="5" x="18" y="10" />
			<block uid="269" id="2" x="19" y="10" />
			<block uid="270" id="2" x="20" y="10" />
			<block uid="271" id="2" x="21" y="10" />
			<block uid="272" id="2" x="22" y="10" />
			<block uid="273" id="2" x="23" y="10" />
			<block uid="274" id="11" x="24" y="10" />
		</blocks>
		<items>
			<item x="1" y="2" uid="0" id="0" />
			<item x="2" y="4" uid="1" id="1" />
		</items>
	</stage>
	<actions>
		<action uid="0" bSourceX="7" bSourceY="3" bDestX="15" bDestY="1" bSourceL="0" bDestL="0" />
		<action uid="1" bSourceX="22" bSourceY="3" bDestX="1" bDestY="6" bSourceL="0" bDestL="0" />
		<action uid="2" bSourceX="8" bSourceY="8" bDestX="13" bDestY="6" bSourceL="0" bDestL="0" />
		<action uid="3" bSourceX="13" bSourceY="8" bDestX="19" bDestY="6" bSourceL="0" bDestL="0" />
	</actions>
</level>
