<level name="JPushy-Level1" version="1.0">
	<stage id="0">
		<blocks>
			<block uid="0" id="9" x="0" y="0" />
			<block uid="1" id="2" x="1" y="0" />
			<block uid="2" id="2" x="2" y="0" />
			<block uid="3" id="2" x="3" y="0" />
			<block uid="4" id="2" x="4" y="0" />
			<block uid="5" id="2" x="5" y="0" />
			<block uid="6" id="2" x="6" y="0" />
			<block uid="7" id="2" x="7" y="0" />
			<block uid="8" id="7" x="8" y="0" />
			<block uid="9" id="2" x="9" y="0" />
			<block uid="10" id="2" x="10" y="0" />
			<block uid="11" id="2" x="11" y="0" />
			<block uid="12" id="2" x="12" y="0" />
			<block uid="13" id="2" x="13" y="0" />
			<block uid="14" id="2" x="14" y="0" />
			<block uid="15" id="2" x="15" y="0" />
			<block uid="16" id="2" x="16" y="0" />
			<block uid="17" id="2" x="17" y="0" />
			<block uid="18" id="2" x="18" y="0" />
			<block uid="19" id="10" x="19" y="0" />
			<block uid="20" id="3" x="0" y="1" />
			<block uid="21" id="0" x="1" y="1" />
			<block uid="22" id="0" x="2" y="1" />
			<block uid="23" id="0" x="3" y="1" />
			<block uid="24" id="0" x="4" y="1" />
			<block uid="25" id="0" x="5" y="1" />
			<block uid="26" id="0" x="6" y="1" />
			<block uid="27" id="0" x="7" y="1" />
			<block uid="28" id="3" x="8" y="1" />
			<block uid="29" id="0" x="9" y="1" />
			<block uid="30" id="0" x="10" y="1" />
			<block uid="31" id="0" x="11" y="1" />
			<block uid="32" id="0" x="12" y="1" />
			<block uid="33" id="0" x="13" y="1" />
			<block uid="34" id="0" x="14" y="1" />
			<block uid="35" id="0" x="15" y="1" />
			<block uid="36" id="0" x="16" y="1" />
			<block uid="37" id="0" x="17" y="1" />
			<block uid="38" id="0" x="18" y="1" />
			<block uid="39" id="3" x="19" y="1" />
			<block uid="40" id="3" x="0" y="2" />
			<block uid="41" id="0" x="1" y="2" />
			<block uid="42" id="0" x="2" y="2" />
			<block uid="43" id="0" x="3" y="2" />
			<block uid="44" id="0" x="4" y="2" />
			<block uid="45" id="0" x="5" y="2" />
			<block uid="46" id="0" x="6" y="2" />
			<block uid="47" id="0" x="7" y="2" />
			<block uid="48" id="3" x="8" y="2" />
			<block uid="49" id="0" x="9" y="2" />
			<block uid="50" id="0" x="10" y="2" />
			<block uid="51" id="0" x="11" y="2" />
			<block uid="52" id="0" x="12" y="2" />
			<block uid="53" id="0" x="13" y="2" />
			<block uid="54" id="0" x="14" y="2" />
			<block uid="55" id="0" x="15" y="2" />
			<block uid="56" id="0" x="16" y="2" />
			<block uid="57" id="0" x="17" y="2" />
			<block uid="58" id="0" x="18" y="2" />
			<block uid="59" id="3" x="19" y="2" />
			<block uid="60" id="3" x="0" y="3" />
			<block uid="61" id="0" x="1" y="3" />
			<block uid="62" id="0" x="2" y="3" />
			<block uid="63" id="0" x="3" y="3" />
			<block uid="64" id="0" x="4" y="3" />
			<block uid="65" id="0" x="5" y="3" />
			<block uid="66" id="0" x="6" y="3" />
			<block uid="67" id="0" x="7" y="3" />
			<block uid="68" id="3" x="8" y="3" />
			<block uid="69" id="0" x="9" y="3" />
			<block uid="70" id="0" x="10" y="3" />
			<block uid="71" id="0" x="11" y="3" />
			<block uid="72" id="0" x="12" y="3" />
			<block uid="73" id="0" x="13" y="3" />
			<block uid="74" id="0" x="14" y="3" />
			<block uid="75" id="0" x="15" y="3" />
			<block uid="76" id="0" x="16" y="3" />
			<block uid="77" id="0" x="17" y="3" />
			<block uid="78" id="0" x="18" y="3" />
			<block uid="79" id="3" x="19" y="3" />
			<block uid="80" id="3" x="0" y="4" />
			<block uid="81" id="0" x="1" y="4" />
			<block uid="82" id="0" x="2" y="4" />
			<block uid="83" id="0" x="3" y="4" />
			<block uid="84" id="13" x="4" y="4" />
			<block uid="85" id="0" x="5" y="4" />
			<block uid="86" id="0" x="6" y="4" />
			<block uid="87" id="0" x="7" y="4" />
			<block uid="88" id="3" x="8" y="4" />
			<block uid="89" id="0" x="9" y="4" />
			<block uid="90" id="0" x="10" y="4" />
			<block uid="91" id="0" x="11" y="4" />
			<block uid="92" id="9" x="12" y="4" />
			<block uid="93" id="2" x="13" y="4" />
			<block uid="94" id="2" x="14" y="4" />
			<block uid="95" id="2" x="15" y="4" />
			<block uid="96" id="14" x="16" y="4" />
			<block uid="97" id="0" x="17" y="4" />
			<block uid="98" id="0" x="18" y="4" />
			<block uid="99" id="3" x="19" y="4" />
			<block uid="100" id="3" x="0" y="5" />
			<block uid="101" id="0" x="1" y="5" />
			<block uid="102" id="0" x="2" y="5" />
			<block uid="103" id="0" x="3" y="5" />
			<block uid="104" id="3" x="4" y="5" />
			<block uid="105" id="0" x="5" y="5" />
			<block uid="106" id="0" x="6" y="5" />
			<block uid="107" id="0" x="7" y="5" />
			<block uid="108" id="3" x="8" y="5" />
			<block uid="109" id="0" x="9" y="5" />
			<block uid="110" id="0" x="10" y="5" />
			<block uid="111" id="0" x="11" y="5" />
			<block uid="112" id="3" x="12" y="5" />
			<block uid="113" id="0" x="13" y="5" />
			<block uid="114" id="0" x="14" y="5" />
			<block uid="115" id="0" x="15" y="5" />
			<block uid="116" id="0" x="16" y="5" />
			<block uid="117" id="0" x="17" y="5" />
			<block uid="118" id="0" x="18" y="5" />
			<block uid="119" id="3" x="19" y="5" />
			<block uid="120" id="3" x="0" y="6" />
			<block uid="121" id="0" x="1" y="6" />
			<block uid="122" id="0" x="2" y="6" />
			<block uid="123" id="0" x="3" y="6" />
			<block uid="124" id="3" x="4" y="6" />
			<block uid="125" id="0" x="5" y="6" />
			<block uid="126" id="0" x="6" y="6" />
			<block uid="127" id="0" x="7" y="6" />
			<block uid="128" id="3" x="8" y="6" />
			<block uid="129" id="0" x="9" y="6" />
			<block uid="130" id="0" x="10" y="6" />
			<block uid="131" id="0" x="11" y="6" />
			<block uid="132" id="3" x="12" y="6" />
			<block uid="133" id="0" x="13" y="6" />
			<block uid="134" id="0" x="14" y="6" />
			<block uid="135" id="0" x="15" y="6" />
			<block uid="136" id="0" x="16" y="6" />
			<block uid="137" id="0" x="17" y="6" />
			<block uid="138" id="0" x="18" y="6" />
			<block uid="139" id="3" x="19" y="6" />
			<block uid="140" id="3" x="0" y="7" />
			<block uid="141" id="0" x="1" y="7" />
			<block uid="142" id="0" x="2" y="7" />
			<block uid="143" id="0" x="3" y="7" />
			<block uid="144" id="3" x="4" y="7" />
			<block uid="145" id="0" x="5" y="7" />
			<block uid="146" id="0" x="6" y="7" />
			<block uid="147" id="0" x="7" y="7" />
			<block uid="148" id="3" x="8" y="7" />
			<block uid="149" id="0" x="9" y="7" />
			<block uid="150" id="0" x="10" y="7" />
			<block uid="151" id="0" x="11" y="7" />
			<block uid="152" id="3" x="12" y="7" />
			<block uid="153" id="0" x="13" y="7" />
			<block uid="154" id="0" x="14" y="7" />
			<block uid="155" id="0" x="15" y="7" />
			<block uid="156" id="0" x="16" y="7" />
			<block uid="157" id="0" x="17" y="7" />
			<block uid="158" id="0" x="18" y="7" />
			<block uid="159" id="3" x="19" y="7" />
			<block uid="160" id="3" x="0" y="8" />
			<block uid="161" id="0" x="1" y="8" />
			<block uid="162" id="0" x="2" y="8" />
			<block uid="163" id="0" x="3" y="8" />
			<block uid="164" id="3" x="4" y="8" />
			<block uid="165" id="0" x="5" y="8" />
			<block uid="166" id="0" x="6" y="8" />
			<block uid="167" id="0" x="7" y="8" />
			<block uid="168" id="15" x="8" y="8" />
			<block uid="169" id="0" x="9" y="8" />
			<block uid="170" id="0" x="10" y="8" />
			<block uid="171" id="0" x="11" y="8" />
			<block uid="172" id="3" x="12" y="8" />
			<block uid="173" id="0" x="13" y="8" />
			<block uid="174" id="0" x="14" y="8" />
			<block uid="175" id="16" x="15" y="8" />
			<block uid="176" id="2" x="16" y="8" />
			<block uid="177" id="2" x="17" y="8" />
			<block uid="178" id="2" x="18" y="8" />
			<block uid="179" id="4" x="19" y="8" />
			<block uid="180" id="3" x="0" y="9" />
			<block uid="181" id="0" x="1" y="9" />
			<block uid="182" id="18" x="2" y="9" />
			<block uid="183" id="0" x="3" y="9" />
			<block uid="184" id="3" x="4" y="9" />
			<block uid="185" id="0" x="5" y="9" />
			<block uid="186" id="0" x="6" y="9" />
			<block uid="187" id="0" x="7" y="9" />
			<block uid="188" id="0" x="8" y="9" />
			<block uid="189" id="0" x="9" y="9" />
			<block uid="190" id="0" x="10" y="9" />
			<block uid="191" id="0" x="11" y="9" />
			<block uid="192" id="3" x="12" y="9" />
			<block uid="193" id="0" x="13" y="9" />
			<block uid="194" id="0" x="14" y="9" />
			<block uid="195" id="0" x="15" y="9" />
			<block uid="196" id="0" x="16" y="9" />
			<block uid="197" id="0" x="17" y="9" />
			<block uid="198" id="19" x="18" y="9" />
			<block uid="199" id="3" x="19" y="9" />
			<block uid="200" id="3" x="0" y="10" />
			<block uid="201" id="0" x="1" y="10" />
			<block uid="202" id="0" x="2" y="10" />
			<block uid="203" id="0" x="3" y="10" />
			<block uid="204" id="3" x="4" y="10" />
			<block uid="205" id="0" x="5" y="10" />
			<block uid="206" id="0" x="6" y="10" />
			<block uid="207" id="0" x="7" y="10" />
			<block uid="208" id="0" x="8" y="10" />
			<block uid="209" id="0" x="9" y="10" />
			<block uid="210" id="0" x="10" y="10" />
			<block uid="211" id="0" x="11" y="10" />
			<block uid="212" id="3" x="12" y="10" />
			<block uid="213" id="0" x="13" y="10" />
			<block uid="214" id="0" x="14" y="10" />
			<block uid="215" id="0" x="15" y="10" />
			<block uid="216" id="0" x="16" y="10" />
			<block uid="217" id="0" x="17" y="10" />
			<block uid="218" id="0" x="18" y="10" />
			<block uid="219" id="3" x="19" y="10" />
			<block uid="220" id="12" x="0" y="11" />
			<block uid="221" id="2" x="1" y="11" />
			<block uid="222" id="2" x="2" y="11" />
			<block uid="223" id="2" x="3" y="11" />
			<block uid="224" id="5" x="4" y="11" />
			<block uid="225" id="2" x="5" y="11" />
			<block uid="226" id="2" x="6" y="11" />
			<block uid="227" id="2" x="7" y="11" />
			<block uid="228" id="2" x="8" y="11" />
			<block uid="229" id="2" x="9" y="11" />
			<block uid="230" id="2" x="10" y="11" />
			<block uid="231" id="2" x="11" y="11" />
			<block uid="232" id="5" x="12" y="11" />
			<block uid="233" id="2" x="13" y="11" />
			<block uid="234" id="2" x="14" y="11" />
			<block uid="235" id="2" x="15" y="11" />
			<block uid="236" id="2" x="16" y="11" />
			<block uid="237" id="2" x="17" y="11" />
			<block uid="238" id="2" x="18" y="11" />
			<block uid="239" id="11" x="19" y="11" />
		</blocks>
	</stage>
	<stage id="1">
		<blocks>
			<block uid="240" id="9" x="0" y="0" />
			<block uid="241" id="2" x="1" y="0" />
			<block uid="242" id="2" x="2" y="0" />
			<block uid="243" id="2" x="3" y="0" />
			<block uid="244" id="2" x="4" y="0" />
			<block uid="245" id="2" x="5" y="0" />
			<block uid="246" id="2" x="6" y="0" />
			<block uid="247" id="2" x="7" y="0" />
			<block uid="248" id="7" x="8" y="0" />
			<block uid="249" id="2" x="9" y="0" />
			<block uid="250" id="2" x="10" y="0" />
			<block uid="251" id="2" x="11" y="0" />
			<block uid="252" id="2" x="12" y="0" />
			<block uid="253" id="2" x="13" y="0" />
			<block uid="254" id="2" x="14" y="0" />
			<block uid="255" id="2" x="15" y="0" />
			<block uid="256" id="2" x="16" y="0" />
			<block uid="257" id="2" x="17" y="0" />
			<block uid="258" id="2" x="18" y="0" />
			<block uid="259" id="10" x="19" y="0" />
			<block uid="260" id="3" x="0" y="1" />
			<block uid="261" id="0" x="1" y="1" />
			<block uid="262" id="0" x="2" y="1" />
			<block uid="263" id="0" x="3" y="1" />
			<block uid="264" id="0" x="4" y="1" />
			<block uid="265" id="0" x="5" y="1" />
			<block uid="266" id="0" x="6" y="1" />
			<block uid="267" id="0" x="7" y="1" />
			<block uid="268" id="3" x="8" y="1" />
			<block uid="269" id="0" x="9" y="1" />
			<block uid="270" id="0" x="10" y="1" />
			<block uid="271" id="0" x="11" y="1" />
			<block uid="272" id="0" x="12" y="1" />
			<block uid="273" id="0" x="13" y="1" />
			<block uid="274" id="0" x="14" y="1" />
			<block uid="275" id="0" x="15" y="1" />
			<block uid="276" id="0" x="16" y="1" />
			<block uid="277" id="0" x="17" y="1" />
			<block uid="278" id="0" x="18" y="1" />
			<block uid="279" id="3" x="19" y="1" />
			<block uid="280" id="3" x="0" y="2" />
			<block uid="281" id="0" x="1" y="2" />
			<block uid="282" id="0" x="2" y="2" />
			<block uid="283" id="0" x="3" y="2" />
			<block uid="284" id="0" x="4" y="2" />
			<block uid="285" id="0" x="5" y="2" />
			<block uid="286" id="0" x="6" y="2" />
			<block uid="287" id="0" x="7" y="2" />
			<block uid="288" id="3" x="8" y="2" />
			<block uid="289" id="0" x="9" y="2" />
			<block uid="290" id="0" x="10" y="2" />
			<block uid="291" id="0" x="11" y="2" />
			<block uid="292" id="0" x="12" y="2" />
			<block uid="293" id="0" x="13" y="2" />
			<block uid="294" id="0" x="14" y="2" />
			<block uid="295" id="0" x="15" y="2" />
			<block uid="296" id="0" x="16" y="2" />
			<block uid="297" id="0" x="17" y="2" />
			<block uid="298" id="0" x="18" y="2" />
			<block uid="299" id="3" x="19" y="2" />
			<block uid="300" id="3" x="0" y="3" />
			<block uid="301" id="0" x="1" y="3" />
			<block uid="302" id="0" x="2" y="3" />
			<block uid="303" id="0" x="3" y="3" />
			<block uid="304" id="0" x="4" y="3" />
			<block uid="305" id="0" x="5" y="3" />
			<block uid="306" id="0" x="6" y="3" />
			<block uid="307" id="0" x="7" y="3" />
			<block uid="308" id="3" x="8" y="3" />
			<block uid="309" id="0" x="9" y="3" />
			<block uid="310" id="0" x="10" y="3" />
			<block uid="311" id="0" x="11" y="3" />
			<block uid="312" id="0" x="12" y="3" />
			<block uid="313" id="0" x="13" y="3" />
			<block uid="314" id="0" x="14" y="3" />
			<block uid="315" id="0" x="15" y="3" />
			<block uid="316" id="0" x="16" y="3" />
			<block uid="317" id="0" x="17" y="3" />
			<block uid="318" id="0" x="18" y="3" />
			<block uid="319" id="3" x="19" y="3" />
			<block uid="320" id="3" x="0" y="4" />
			<block uid="321" id="0" x="1" y="4" />
			<block uid="322" id="0" x="2" y="4" />
			<block uid="323" id="0" x="3" y="4" />
			<block uid="324" id="13" x="4" y="4" />
			<block uid="325" id="0" x="5" y="4" />
			<block uid="326" id="0" x="6" y="4" />
			<block uid="327" id="0" x="7" y="4" />
			<block uid="328" id="3" x="8" y="4" />
			<block uid="329" id="0" x="9" y="4" />
			<block uid="330" id="0" x="10" y="4" />
			<block uid="331" id="0" x="11" y="4" />
			<block uid="332" id="9" x="12" y="4" />
			<block uid="333" id="2" x="13" y="4" />
			<block uid="334" id="2" x="14" y="4" />
			<block uid="335" id="2" x="15" y="4" />
			<block uid="336" id="14" x="16" y="4" />
			<block uid="337" id="0" x="17" y="4" />
			<block uid="338" id="0" x="18" y="4" />
			<block uid="339" id="3" x="19" y="4" />
			<block uid="340" id="3" x="0" y="5" />
			<block uid="341" id="0" x="1" y="5" />
			<block uid="342" id="0" x="2" y="5" />
			<block uid="343" id="0" x="3" y="5" />
			<block uid="344" id="3" x="4" y="5" />
			<block uid="345" id="0" x="5" y="5" />
			<block uid="346" id="0" x="6" y="5" />
			<block uid="347" id="0" x="7" y="5" />
			<block uid="348" id="3" x="8" y="5" />
			<block uid="349" id="0" x="9" y="5" />
			<block uid="350" id="0" x="10" y="5" />
			<block uid="351" id="0" x="11" y="5" />
			<block uid="352" id="3" x="12" y="5" />
			<block uid="353" id="0" x="13" y="5" />
			<block uid="354" id="0" x="14" y="5" />
			<block uid="355" id="0" x="15" y="5" />
			<block uid="356" id="0" x="16" y="5" />
			<block uid="357" id="0" x="17" y="5" />
			<block uid="358" id="0" x="18" y="5" />
			<block uid="359" id="3" x="19" y="5" />
			<block uid="360" id="3" x="0" y="6" />
			<block uid="361" id="0" x="1" y="6" />
			<block uid="362" id="0" x="2" y="6" />
			<block uid="363" id="0" x="3" y="6" />
			<block uid="364" id="3" x="4" y="6" />
			<block uid="365" id="0" x="5" y="6" />
			<block uid="366" id="0" x="6" y="6" />
			<block uid="367" id="0" x="7" y="6" />
			<block uid="368" id="3" x="8" y="6" />
			<block uid="369" id="0" x="9" y="6" />
			<block uid="370" id="0" x="10" y="6" />
			<block uid="371" id="0" x="11" y="6" />
			<block uid="372" id="3" x="12" y="6" />
			<block uid="373" id="0" x="13" y="6" />
			<block uid="374" id="0" x="14" y="6" />
			<block uid="375" id="0" x="15" y="6" />
			<block uid="376" id="0" x="16" y="6" />
			<block uid="377" id="0" x="17" y="6" />
			<block uid="378" id="0" x="18" y="6" />
			<block uid="379" id="3" x="19" y="6" />
			<block uid="380" id="3" x="0" y="7" />
			<block uid="381" id="0" x="1" y="7" />
			<block uid="382" id="0" x="2" y="7" />
			<block uid="383" id="0" x="3" y="7" />
			<block uid="384" id="3" x="4" y="7" />
			<block uid="385" id="0" x="5" y="7" />
			<block uid="386" id="0" x="6" y="7" />
			<block uid="387" id="0" x="7" y="7" />
			<block uid="388" id="3" x="8" y="7" />
			<block uid="389" id="0" x="9" y="7" />
			<block uid="390" id="0" x="10" y="7" />
			<block uid="391" id="0" x="11" y="7" />
			<block uid="392" id="3" x="12" y="7" />
			<block uid="393" id="0" x="13" y="7" />
			<block uid="394" id="0" x="14" y="7" />
			<block uid="395" id="0" x="15" y="7" />
			<block uid="396" id="0" x="16" y="7" />
			<block uid="397" id="0" x="17" y="7" />
			<block uid="398" id="0" x="18" y="7" />
			<block uid="399" id="3" x="19" y="7" />
			<block uid="400" id="3" x="0" y="8" />
			<block uid="401" id="0" x="1" y="8" />
			<block uid="402" id="0" x="2" y="8" />
			<block uid="403" id="0" x="3" y="8" />
			<block uid="404" id="3" x="4" y="8" />
			<block uid="405" id="0" x="5" y="8" />
			<block uid="406" id="0" x="6" y="8" />
			<block uid="407" id="0" x="7" y="8" />
			<block uid="408" id="15" x="8" y="8" />
			<block uid="409" id="0" x="9" y="8" />
			<block uid="410" id="0" x="10" y="8" />
			<block uid="411" id="0" x="11" y="8" />
			<block uid="412" id="3" x="12" y="8" />
			<block uid="413" id="0" x="13" y="8" />
			<block uid="414" id="0" x="14" y="8" />
			<block uid="415" id="16" x="15" y="8" />
			<block uid="416" id="2" x="16" y="8" />
			<block uid="417" id="2" x="17" y="8" />
			<block uid="418" id="2" x="18" y="8" />
			<block uid="419" id="4" x="19" y="8" />
			<block uid="420" id="3" x="0" y="9" />
			<block uid="421" id="0" x="1" y="9" />
			<block uid="422" id="18" x="2" y="9" />
			<block uid="423" id="0" x="3" y="9" />
			<block uid="424" id="3" x="4" y="9" />
			<block uid="425" id="0" x="5" y="9" />
			<block uid="426" id="0" x="6" y="9" />
			<block uid="427" id="0" x="7" y="9" />
			<block uid="428" id="0" x="8" y="9" />
			<block uid="429" id="0" x="9" y="9" />
			<block uid="430" id="0" x="10" y="9" />
			<block uid="431" id="0" x="11" y="9" />
			<block uid="432" id="3" x="12" y="9" />
			<block uid="433" id="0" x="13" y="9" />
			<block uid="434" id="0" x="14" y="9" />
			<block uid="435" id="0" x="15" y="9" />
			<block uid="436" id="0" x="16" y="9" />
			<block uid="437" id="0" x="17" y="9" />
			<block uid="438" id="19" x="18" y="9" />
			<block uid="439" id="3" x="19" y="9" />
			<block uid="440" id="3" x="0" y="10" />
			<block uid="441" id="0" x="1" y="10" />
			<block uid="442" id="0" x="2" y="10" />
			<block uid="443" id="0" x="3" y="10" />
			<block uid="444" id="3" x="4" y="10" />
			<block uid="445" id="0" x="5" y="10" />
			<block uid="446" id="0" x="6" y="10" />
			<block uid="447" id="0" x="7" y="10" />
			<block uid="448" id="0" x="8" y="10" />
			<block uid="449" id="0" x="9" y="10" />
			<block uid="450" id="0" x="10" y="10" />
			<block uid="451" id="0" x="11" y="10" />
			<block uid="452" id="3" x="12" y="10" />
			<block uid="453" id="0" x="13" y="10" />
			<block uid="454" id="0" x="14" y="10" />
			<block uid="455" id="0" x="15" y="10" />
			<block uid="456" id="0" x="16" y="10" />
			<block uid="457" id="0" x="17" y="10" />
			<block uid="458" id="0" x="18" y="10" />
			<block uid="459" id="3" x="19" y="10" />
			<block uid="460" id="12" x="0" y="11" />
			<block uid="461" id="2" x="1" y="11" />
			<block uid="462" id="2" x="2" y="11" />
			<block uid="463" id="2" x="3" y="11" />
			<block uid="464" id="5" x="4" y="11" />
			<block uid="465" id="2" x="5" y="11" />
			<block uid="466" id="2" x="6" y="11" />
			<block uid="467" id="2" x="7" y="11" />
			<block uid="468" id="2" x="8" y="11" />
			<block uid="469" id="2" x="9" y="11" />
			<block uid="470" id="2" x="10" y="11" />
			<block uid="471" id="2" x="11" y="11" />
			<block uid="472" id="5" x="12" y="11" />
			<block uid="473" id="2" x="13" y="11" />
			<block uid="474" id="2" x="14" y="11" />
			<block uid="475" id="2" x="15" y="11" />
			<block uid="476" id="2" x="16" y="11" />
			<block uid="477" id="2" x="17" y="11" />
			<block uid="478" id="2" x="18" y="11" />
			<block uid="479" id="11" x="19" y="11" />
		</blocks>
	</stage>
</level>
