<level name="JPushy-Level17" version="1.0">
	<stage id="0">
		<blocks>
			<block uid="0" id="9" x="0" y="0" />
			<block uid="1" id="2" x="1" y="0" />
			<block uid="2" id="2" x="2" y="0" />
			<block uid="3" id="2" x="3" y="0" />
			<block uid="4" id="2" x="4" y="0" />
			<block uid="5" id="2" x="5" y="0" />
			<block uid="6" id="2" x="6" y="0" />
			<block uid="7" id="2" x="7" y="0" />
			<block uid="8" id="2" x="8" y="0" />
			<block uid="9" id="2" x="9" y="0" />
			<block uid="10" id="2" x="10" y="0" />
			<block uid="11" id="2" x="11" y="0" />
			<block uid="12" id="2" x="12" y="0" />
			<block uid="13" id="2" x="13" y="0" />
			<block uid="14" id="2" x="14" y="0" />
			<block uid="15" id="2" x="15" y="0" />
			<block uid="16" id="2" x="16" y="0" />
			<block uid="17" id="2" x="17" y="0" />
			<block uid="18" id="2" x="18" y="0" />
			<block uid="19" id="10" x="19" y="0" />
			<block uid="20" id="3" x="0" y="1" />
			<block uid="21" id="19" x="1" y="1" />
			<block uid="22" id="0" x="2" y="1" />
			<block uid="23" id="0" x="3" y="1" />
			<block uid="24" id="0" x="4" y="1" />
			<block uid="25" id="0" x="5" y="1" />
			<block uid="26" id="0" x="6" y="1" />
			<block uid="27" id="0" x="7" y="1" />
			<block uid="28" id="0" x="8" y="1" />
			<block uid="29" id="0" x="9" y="1" />
			<block uid="30" id="0" x="10" y="1" />
			<block uid="31" id="0" x="11" y="1" />
			<block uid="32" id="0" x="12" y="1" />
			<block uid="33" id="0" x="13" y="1" />
			<block uid="34" id="0" x="14" y="1" />
			<block uid="35" id="0" x="15" y="1" />
			<block uid="36" id="0" x="16" y="1" />
			<block uid="37" id="0" x="17" y="1" />
			<block uid="38" id="0" x="18" y="1" />
			<block uid="39" id="3" x="19" y="1" />
			<block uid="40" id="6" x="0" y="2" />
			<block uid="41" id="2" x="1" y="2" />
			<block uid="42" id="2" x="2" y="2" />
			<block uid="43" id="2" x="3" y="2" />
			<block uid="44" id="2" x="4" y="2" />
			<block uid="45" id="2" x="5" y="2" />
			<block uid="46" id="2" x="6" y="2" />
			<block uid="47" id="2" x="7" y="2" />
			<block uid="48" id="2" x="8" y="2" />
			<block uid="49" id="2" x="9" y="2" />
			<block uid="50" id="2" x="10" y="2" />
			<block uid="51" id="10" x="11" y="2" />
			<block uid="52" id="0" x="12" y="2" />
			<block uid="53" id="0" x="13" y="2" />
			<block uid="54" id="0" x="14" y="2" />
			<block uid="55" id="0" x="15" y="2" />
			<block uid="56" id="0" x="16" y="2" />
			<block uid="57" id="0" x="17" y="2" />
			<block uid="58" id="0" x="18" y="2" />
			<block uid="59" id="3" x="19" y="2" />
			<block uid="60" id="3" x="0" y="3" />
			<block uid="61" id="0" x="1" y="3" />
			<block uid="62" id="0" x="2" y="3" />
			<block uid="63" id="0" x="3" y="3" />
			<block uid="64" id="0" x="4" y="3" />
			<block uid="65" id="0" x="5" y="3" />
			<block uid="66" id="0" x="6" y="3" />
			<block uid="67" id="0" x="7" y="3" />
			<block uid="68" id="0" x="8" y="3" />
			<block uid="69" id="0" x="9" y="3" />
			<block uid="70" id="22" x="10" y="3" />
			<block uid="71" id="3" x="11" y="3" />
			<block uid="72" id="22" x="12" y="3" actionUID="0" />
			<block uid="73" id="0" x="13" y="3" />
			<block uid="74" id="0" x="14" y="3" />
			<block uid="75" id="0" x="15" y="3" />
			<block uid="76" id="0" x="16" y="3" />
			<block uid="77" id="0" x="17" y="3" />
			<block uid="78" id="0" x="18" y="3" />
			<block uid="79" id="3" x="19" y="3" />
			<block uid="80" id="3" x="0" y="4" />
			<block uid="81" id="0" x="1" y="4" />
			<block uid="82" id="33" x="2" y="4" />
			<block uid="83" id="0" x="3" y="4" />
			<block uid="84" id="0" x="4" y="4" />
			<block uid="85" id="0" x="5" y="4" />
			<block uid="86" id="0" x="6" y="4" />
			<block uid="87" id="0" x="7" y="4" />
			<block uid="88" id="0" x="8" y="4" />
			<block uid="89" id="0" x="9" y="4" />
			<block uid="90" id="0" x="10" y="4" />
			<block uid="91" id="3" x="11" y="4" />
			<block uid="92" id="0" x="12" y="4" />
			<block uid="93" id="0" x="13" y="4" />
			<block uid="94" id="0" x="14" y="4" />
			<block uid="95" id="35" x="15" y="4" />
			<block uid="96" id="0" x="16" y="4" />
			<block uid="97" id="0" x="17" y="4" />
			<block uid="98" id="0" x="18" y="4" />
			<block uid="99" id="3" x="19" y="4" />
			<block uid="100" id="3" x="0" y="5" />
			<block uid="101" id="0" x="1" y="5" />
			<block uid="102" id="0" x="2" y="5" />
			<block uid="103" id="0" x="3" y="5" />
			<block uid="104" id="0" x="4" y="5" />
			<block uid="105" id="1" x="5" y="5" />
			<block uid="106" id="17" x="6" y="5" />
			<block uid="107" id="17" x="7" y="5" />
			<block uid="108" id="17" x="8" y="5" />
			<block uid="109" id="0" x="9" y="5" />
			<block uid="110" id="0" x="10" y="5" />
			<block uid="111" id="3" x="11" y="5" />
			<block uid="112" id="0" x="12" y="5" />
			<block uid="113" id="0" x="13" y="5" />
			<block uid="114" id="0" x="14" y="5" />
			<block uid="115" id="30" x="15" y="5" />
			<block uid="116" id="0" x="16" y="5" />
			<block uid="117" id="0" x="17" y="5" />
			<block uid="118" id="0" x="18" y="5" />
			<block uid="119" id="3" x="19" y="5" />
			<block uid="120" id="3" x="0" y="6" />
			<block uid="121" id="0" x="1" y="6" />
			<block uid="122" id="26" x="2" y="6" actionUID="1" />
			<block uid="123" id="0" x="3" y="6" />
			<block uid="124" id="0" x="4" y="6" />
			<block uid="125" id="0" x="5" y="6" />
			<block uid="126" id="17" x="6" y="6" />
			<block uid="127" id="0" x="7" y="6" />
			<block uid="128" id="17" x="8" y="6" />
			<block uid="129" id="0" x="9" y="6" />
			<block uid="130" id="0" x="10" y="6" />
			<block uid="131" id="3" x="11" y="6" />
			<block uid="132" id="0" x="12" y="6" />
			<block uid="133" id="35" x="13" y="6" />
			<block uid="134" id="31" x="14" y="6" />
			<block uid="135" id="29" x="15" y="6" />
			<block uid="136" id="31" x="16" y="6" />
			<block uid="137" id="35" x="17" y="6" />
			<block uid="138" id="0" x="18" y="6" />
			<block uid="139" id="3" x="19" y="6" />
			<block uid="140" id="3" x="0" y="7" />
			<block uid="141" id="0" x="1" y="7" />
			<block uid="142" id="0" x="2" y="7" />
			<block uid="143" id="0" x="3" y="7" />
			<block uid="144" id="0" x="4" y="7" />
			<block uid="145" id="17" x="5" y="7" />
			<block uid="146" id="0" x="6" y="7" />
			<block uid="147" id="17" x="7" y="7" />
			<block uid="148" id="13" x="8" y="7" />
			<block uid="149" id="0" x="9" y="7" />
			<block uid="150" id="0" x="10" y="7" />
			<block uid="151" id="3" x="11" y="7" />
			<block uid="152" id="0" x="12" y="7" />
			<block uid="153" id="0" x="13" y="7" />
			<block uid="154" id="0" x="14" y="7" />
			<block uid="155" id="30" x="15" y="7" />
			<block uid="156" id="0" x="16" y="7" />
			<block uid="157" id="0" x="17" y="7" />
			<block uid="158" id="0" x="18" y="7" />
			<block uid="159" id="3" x="19" y="7" />
			<block uid="160" id="6" x="0" y="8" />
			<block uid="161" id="2" x="1" y="8" />
			<block uid="162" id="2" x="2" y="8" />
			<block uid="163" id="12" x="3" y="8" />
			<block uid="164" id="24" x="4" y="8" />
			<block uid="165" id="1" x="5" y="8" />
			<block uid="166" id="17" x="6" y="8" />
			<block uid="167" id="0" x="7" y="8" />
			<block uid="168" id="15" x="8" y="8" />
			<block uid="169" id="0" x="9" y="8" />
			<block uid="170" id="0" x="10" y="8" />
			<block uid="171" id="3" x="11" y="8" />
			<block uid="172" id="0" x="12" y="8" />
			<block uid="173" id="0" x="13" y="8" />
			<block uid="174" id="0" x="14" y="8" />
			<block uid="175" id="35" x="15" y="8" />
			<block uid="176" id="0" x="16" y="8" />
			<block uid="177" id="0" x="17" y="8" />
			<block uid="178" id="0" x="18" y="8" />
			<block uid="179" id="3" x="19" y="8" />
			<block uid="180" id="3" x="0" y="9" />
			<block uid="181" id="27" x="1" y="9" />
			<block uid="182" id="0" x="2" y="9" />
			<block uid="183" id="31" x="3" y="9" />
			<block uid="184" id="0" x="4" y="9" />
			<block uid="185" id="0" x="5" y="9" />
			<block uid="186" id="0" x="6" y="9" />
			<block uid="187" id="0" x="7" y="9" />
			<block uid="188" id="17" x="8" y="9" />
			<block uid="189" id="0" x="9" y="9" />
			<block uid="190" id="0" x="10" y="9" />
			<block uid="191" id="3" x="11" y="9" />
			<block uid="192" id="0" x="12" y="9" />
			<block uid="193" id="0" x="13" y="9" />
			<block uid="194" id="0" x="14" y="9" />
			<block uid="195" id="0" x="15" y="9" />
			<block uid="196" id="0" x="16" y="9" />
			<block uid="197" id="0" x="17" y="9" />
			<block uid="198" id="0" x="18" y="9" />
			<block uid="199" id="3" x="19" y="9" />
			<block uid="200" id="3" x="0" y="10" />
			<block uid="201" id="18" x="1" y="10" />
			<block uid="202" id="0" x="2" y="10" />
			<block uid="203" id="0" x="3" y="10" />
			<block uid="204" id="0" x="4" y="10" />
			<block uid="205" id="0" x="5" y="10" />
			<block uid="206" id="0" x="6" y="10" />
			<block uid="207" id="0" x="7" y="10" />
			<block uid="208" id="17" x="8" y="10" />
			<block uid="209" id="0" x="9" y="10" />
			<block uid="210" id="0" x="10" y="10" />
			<block uid="211" id="3" x="11" y="10" />
			<block uid="212" id="0" x="12" y="10" />
			<block uid="213" id="0" x="13" y="10" />
			<block uid="214" id="0" x="14" y="10" />
			<block uid="215" id="0" x="15" y="10" />
			<block uid="216" id="0" x="16" y="10" />
			<block uid="217" id="0" x="17" y="10" />
			<block uid="218" id="0" x="18" y="10" />
			<block uid="219" id="3" x="19" y="10" />
			<block uid="220" id="12" x="0" y="11" />
			<block uid="221" id="2" x="1" y="11" />
			<block uid="222" id="2" x="2" y="11" />
			<block uid="223" id="2" x="3" y="11" />
			<block uid="224" id="2" x="4" y="11" />
			<block uid="225" id="2" x="5" y="11" />
			<block uid="226" id="2" x="6" y="11" />
			<block uid="227" id="2" x="7" y="11" />
			<block uid="228" id="2" x="8" y="11" />
			<block uid="229" id="2" x="9" y="11" />
			<block uid="230" id="2" x="10" y="11" />
			<block uid="231" id="5" x="11" y="11" />
			<block uid="232" id="2" x="12" y="11" />
			<block uid="233" id="2" x="13" y="11" />
			<block uid="234" id="2" x="14" y="11" />
			<block uid="235" id="2" x="15" y="11" />
			<block uid="236" id="2" x="16" y="11" />
			<block uid="237" id="2" x="17" y="11" />
			<block uid="238" id="2" x="18" y="11" />
			<block uid="239" id="11" x="19" y="11" />
		</blocks>
	</stage>
	<actions>
		<action uid="0" bSourceX="12" bSourceY="3" bDestX="10" bDestY="3" bSourceL="0" bDestL="0" />
		<action uid="1" bSourceX="2" bSourceY="6" bDestX="4" bDestY="8" bSourceL="0" bDestL="0" />
	</actions>
</level>
